{"cameraMode":{"drawMode":0,"name":"Shaded","section":"Shading Mode"},"sceneLighting":false,"audioPlay":false,"sceneViewState":{"showFog":true,"showMaterialUpdate":false,"showSkybox":false,"showFlares":true,"showImageEffects":true,"showParticleSystems":true},"in2DMode":false,"pivot":{"x":-0.21795940399169923,"y":-39.342105865478519,"z":-0.01073455810546875},"rotation":{"x":-0.19237224757671357,"y":0.3480248749256134,"z":-0.07320085912942887,"w":-0.9146155714988709},"size":6.642435550689697,"orthographic":false}