{"cameraMode":{"drawMode":0,"name":"Shaded","section":"Shading Mode"},"sceneLighting":false,"audioPlay":false,"sceneViewState":{"showFog":true,"showMaterialUpdate":false,"showSkybox":false,"showFlares":true,"showImageEffects":true,"showParticleSystems":true},"in2DMode":false,"pivot":{"x":1.5422725677490235,"y":11.216172218322754,"z":1.1143417358398438},"rotation":{"x":-0.20499034225940705,"y":-0.38755491375923159,"z":0.088827945291996,"w":-0.8943689465522766},"size":4.961381435394287,"orthographic":false}