{"cameraMode":{"drawMode":0,"name":"Shaded","section":"Shading Mode"},"sceneLighting":false,"audioPlay":false,"sceneViewState":{"showFog":true,"showMaterialUpdate":false,"showSkybox":false,"showFlares":true,"showImageEffects":true,"showParticleSystems":true},"in2DMode":false,"pivot":{"x":-22.41620445251465,"y":6.092899322509766,"z":266.94146728515627},"rotation":{"x":-0.02130705863237381,"y":0.009594696573913098,"z":-0.00020408647833392024,"w":-0.9997291564941406},"size":201.43109130859376,"orthographic":false}