{"cameraMode":{"drawMode":0,"name":"Shaded","section":"Shading Mode"},"sceneLighting":false,"audioPlay":false,"sceneViewState":{"showFog":true,"showMaterialUpdate":false,"showSkybox":false,"showFlares":true,"showImageEffects":true,"showParticleSystems":true},"in2DMode":false,"pivot":{"x":1.760833978652954,"y":11.409860610961914,"z":0.22570133209228517},"rotation":{"x":-0.1359153389930725,"y":-0.45057156682014468,"z":0.06962310522794724,"w":-0.8795848488807678},"size":8.002461433410645,"orthographic":false}